{
  "configurableConfig" : [
    {
      "config" : {
        "default" : "",
        "filtermode" : 2,
        "placeholder" : "The passed-in arguments will be used",
        "required" : false
      },
      "description" : "",
      "label" : "Image",
      "type" : "filepicker",
      "variable" : "target_path"
    }
  ],
  "inputMulti" : 2,
  "inputOverride" : "target_path",
  "inputType" : 1,
  "outputType" : 2,
  "script" : "for image in \"${@}\"\ndo\n  \/usr\/bin\/sips --optimizeColorForSharing \"${image}\"\ndone",
  "scriptType" : 5,
  "state" : 0,
  "taskDescription" : "Optimise image colours for sharing",
  "taskName" : "Optimise Image Colour"
}