{
  "configurableConfig" : [
    {
      "config" : {
        "default" : "",
        "required" : false,
        "trim" : true,
        "verticalsize" : 6
      },
      "description" : "Newline-separated list of app names, paths, or bundle identifiers. Add apps to the list on-demand by passing them as arguments: take advantage of the \"Arg and Vars\" and \"Split Arg\" Utilities.",
      "label" : "Do Not Quit",
      "type" : "textarea",
      "variable" : "app_list"
    },
    {
      "config" : {
        "default" : true,
        "required" : false,
        "text" : "Alfred"
      },
      "description" : "",
      "label" : "Add to List",
      "type" : "checkbox",
      "variable" : "keep_alfred"
    },
    {
      "config" : {
        "default" : true,
        "required" : false,
        "text" : "Finder"
      },
      "description" : "",
      "label" : "",
      "type" : "checkbox",
      "variable" : "keep_finder"
    }
  ],
  "inputDescription" : "Optional app names, paths, or bundle identifiers",
  "inputMulti" : -1,
  "inputType" : 0,
  "outputType" : 0,
  "script" : "function envVar(varName) {\n  return $.NSProcessInfo\n    .processInfo\n    .environment\n    .objectForKey(varName).js\n}\n\nfunction run(argv) {\n  const fromVar = envVar(\"app_list\")\n    .split(\"\\n\")\n    .flatMap(line => line.split(\",\")) \/\/ Continue to support comma-separation\n    .map(app => app.trim())\n    .filter(app => app.length > 0)\n\n  const alfred = envVar(\"keep_alfred\") === \"1\" ? [\"Alfred\", \"Alfred Preferences\"] : []\n  const finder = envVar(\"keep_finder\") === \"1\" ? [\"Finder\"] : []\n\n  keepAlive = argv.concat(fromVar, alfred, finder)\n\n  Application(\"System Events\")\n    .applicationProcesses\n    .where({ backgroundOnly: false })\n    .name()\n    .filter(app => !keepAlive.includes(app))\n    .forEach(app => {\n      try { Application(app).quit() }\n      catch (ignore) { }\n    })\n}",
  "scriptType" : 7,
  "state" : 0,
  "taskDescription" : "Quit every app except ones passed-in and configured",
  "taskName" : "Quit All Apps, with Exceptions"
}