{
  "configurableConfig" : [
    {
      "config" : {
        "default" : "Google Chrome",
        "pairs" : [
          [
            "Google Chrome",
            "Google Chrome"
          ],
          [
            "Microsoft Edge",
            "Microsoft Edge"
          ],
          [
            "Brave Browser",
            "Brave Browser"
          ],
          [
            "Vivaldi",
            "Vivaldi"
          ],
          [
            "Opera",
            "Opera"
          ],
          [
            "Custom...",
            "custom"
          ]
        ]
      },
      "description" : "",
      "label" : "Browser",
      "type" : "popupbutton",
      "variable" : "popup_browser"
    },
    {
      "config" : {
        "default" : "",
        "placeholder" : "e.g. Google Chrome Canary",
        "required" : false,
        "trim" : true
      },
      "description" : "Pick \"Custom...\" in the popup selection to use a particular browser edition or read from a variable.",
      "label" : "Custom",
      "type" : "textfield",
      "variable" : "custom_browser"
    },
    {
      "config" : {
        "default" : "",
        "placeholder" : "The passed-in arguments will be used",
        "required" : false,
        "trim" : true
      },
      "description" : "",
      "label" : "URL",
      "type" : "textfield",
      "variable" : "url"
    },
    {
      "config" : {
        "default" : false,
        "required" : false,
        "text" : "Open window for Private Browsing"
      },
      "description" : "",
      "label" : "Private Window",
      "type" : "checkbox",
      "variable" : "private_window"
    }
  ],
  "inputMulti" : -1,
  "inputOverride" : "url",
  "inputType" : 2,
  "outputType" : 0,
  "script" : "readonly run_script='..\/..\/..\/..\/com.alfredapp.automation.core\/safari\/.common\/windows-new'\n\nif [[ \"${popup_browser}\" == 'custom' ]]\nthen\n  readonly browser=\"${custom_browser}\"\nelse\n  readonly browser=\"${popup_browser}\"\nfi\n\n\"${run_script}\" \"${browser}\" \"${private_window}\" \"${@}\"",
  "scriptType" : 5,
  "state" : 0,
  "taskDescription" : "Make new Chromium browser window with URL",
  "taskName" : "Open New Chromium Browser Window"
}