{
  "configurableConfig" : [
    {
      "config" : {
        "default" : "Safari",
        "pairs" : [
          [
            "Safari",
            "Safari"
          ],
          [
            "Safari Technology Preview",
            "Safari Technology Preview"
          ],
          [
            "Orion",
            "Orion"
          ],
          [
            "Custom...",
            "custom"
          ]
        ]
      },
      "description" : "",
      "label" : "Browser",
      "type" : "popupbutton",
      "variable" : "popup_browser"
    },
    {
      "config" : {
        "default" : "",
        "placeholder" : "e.g. Safari Technology Preview",
        "required" : false,
        "trim" : true
      },
      "description" : "Pick \"Custom...\" in the popup selection to use a particular browser edition or read from a variable.",
      "label" : "Custom",
      "type" : "textfield",
      "variable" : "custom_browser"
    },
    {
      "config" : {
        "default" : "",
        "placeholder" : "The passed-in arguments will be used",
        "required" : false,
        "trim" : true
      },
      "description" : "",
      "label" : "URL",
      "type" : "textfield",
      "variable" : "url"
    }
  ],
  "inputMulti" : -1,
  "inputOverride" : "url",
  "inputType" : 2,
  "outputType" : 0,
  "script" : "readonly run_script='..\/..\/..\/..\/com.alfredapp.automation.core\/safari\/.common\/windows-new'\n\nif [[ \"${popup_browser}\" == 'custom' ]]\nthen\n  readonly browser=\"${custom_browser}\"\nelse\n  readonly browser=\"${popup_browser}\"\nfi\n\n\"${run_script}\" \"${browser}\" '0' \"${@}\"",
  "scriptType" : 5,
  "state" : 0,
  "taskDescription" : "Make new Webkit browser window with URL",
  "taskName" : "Open New Webkit Browser Window"
}