{
  "configurableConfig" : [
    {
      "config" : {
        "default" : "",
        "filtermode" : 2,
        "placeholder" : "The passed-in arguments will be used",
        "required" : false
      },
      "description" : "",
      "label" : "PDF",
      "type" : "filepicker",
      "variable" : "target_path"
    }
  ],
  "inputMulti" : 1,
  "inputOverride" : "target_path",
  "inputType" : 1,
  "outputDescription" : "Text",
  "outputType" : 1,
  "script" : "..\/.common\/pdf-extract-text \"${1}\"",
  "scriptType" : 5,
  "state" : 0,
  "taskDescription" : "Get all text from PDF",
  "taskName" : "Extract PDF Text"
}