{
  "configurableConfig" : [
    {
      "config" : {
        "default" : "",
        "filtermode" : 1,
        "placeholder" : "The passed-in arguments will be used",
        "required" : false
      },
      "description" : "",
      "label" : "Folder",
      "type" : "filepicker",
      "variable" : "target_path"
    },
    {
      "config" : {
        "default" : "",
        "placeholder" : "",
        "required" : true,
        "trim" : true
      },
      "description" : "",
      "label" : "Message",
      "type" : "textfield",
      "variable" : "message"
    }
  ],
  "inputMulti" : 2,
  "inputOverride" : "target_path",
  "inputType" : 1,
  "outputType" : 0,
  "script" : "# Validations\nfor input in \"${@}\"\ndo\n  # If git repo, skip to next loop iteration\n  git -C \"${input}\" rev-parse --is-inside-work-tree &> \/dev\/null && continue\n\n  # If we reach here, at least one directory is not a git repo\n  echo \"Not a git repository: ${input}\" >&2\n  exit 1\ndone\n\n# Main\nfor input in \"${@}\"\ndo\n  repo_root=\"$(git -C \"${input}\" rev-parse --show-toplevel)\"\n  git -C \"${repo_root}\" add --all\n  git -C \"${repo_root}\" commit --all --message \"${message}\"\ndone",
  "scriptType" : 5,
  "state" : 0,
  "taskDescription" : "Adds and commits all files in repository",
  "taskName" : "Commit All in Repository"
}