{
  "configurableConfig" : [
    {
      "config" : {
        "default" : "",
        "filtermode" : 2,
        "placeholder" : "The passed-in arguments will be used",
        "required" : false
      },
      "description" : "",
      "label" : "File",
      "type" : "filepicker",
      "variable" : "target_path"
    }
  ],
  "inputMulti" : 2,
  "inputOverride" : "target_path",
  "inputType" : 1,
  "outputType" : 0,
  "script" : "..\/.common\/quicklook \"${@}\" 2> \/dev\/null",
  "scriptType" : 5,
  "state" : 0,
  "taskDescription" : "Preview paths in Quick Look",
  "taskName" : "Open in Quick Look"
}