{
  "configurableConfig" : [
    {
      "config" : {
        "default" : "",
        "filtermode" : 2,
        "placeholder" : "The passed-in arguments will be used",
        "required" : false
      },
      "description" : "",
      "label" : "File",
      "type" : "filepicker",
      "variable" : "target_path"
    },
    {
      "config" : {
        "default" : "",
        "placeholder" : "e.g. public.png",
        "required" : true,
        "trim" : false
      },
      "description" : "",
      "label" : "Match For",
      "type" : "textfield",
      "variable" : "match_string"
    }
  ],
  "inputMulti" : 2,
  "inputType" : 1,
  "outputDescription" : "File path array",
  "outputType" : 1,
  "script" : "..\/.common\/file-uti filter-matching \"${match_string}\" \"${@}\"",
  "scriptType" : 11,
  "state" : 0,
  "taskDescription" : "Get files matching Uniform Type Identifier",
  "taskName" : "Matching File UTI"
}