{
  "configurableConfig" : [
    {
      "config" : {
        "pairs" : [
          [
            "SHA-256",
            "sha256"
          ],
          [
            "SHA-512",
            "sha512"
          ],
          [
            "SHA-1 (NOT recommended)",
            "sha1"
          ],
          [
            "MD5 (NOT recommended)",
            "md5"
          ]
        ]
      },
      "description" : "",
      "label" : "Output Format",
      "type" : "popupbutton",
      "variable" : "out_format"
    }
  ],
  "inputMulti" : 1,
  "inputType" : 0,
  "outputDescription" : "Text",
  "outputType" : 1,
  "script" : "case \"${out_format}\" in\n  sha256) \/usr\/bin\/shasum --algorithm 256 <<< \"${1}\" | cut -d ' ' -f1 | tr -d '\\n';;\n  sha512) \/usr\/bin\/shasum --algorithm 512 <<< \"${1}\" | cut -d ' ' -f1 | tr -d '\\n';;\n  sha1) \/usr\/bin\/shasum --algorithm 1 <<< \"${1}\" | cut -d ' ' -f1 | tr -d '\\n';;\n  md5) \/sbin\/md5 -qs \"${1}\" | tr -d '\\n';;\n  *) echo \"Invalid algorithm: ${out_format}\" >&2; exit 1;;\nesac",
  "scriptType" : 5,
  "state" : 0,
  "taskDescription" : "Get cryptographic hash functions of text",
  "taskName" : "Text Checksum"
}