{
  "configurableConfig" : [
    {
      "config" : {
        "default" : "",
        "filtermode" : 2,
        "placeholder" : "The passed-in arguments will be used",
        "required" : false
      },
      "description" : "",
      "label" : "Image",
      "type" : "filepicker",
      "variable" : "target_path"
    },
    {
      "config" : {
        "default" : "~\/Desktop",
        "filtermode" : 1,
        "placeholder" : "",
        "required" : false
      },
      "description" : "",
      "label" : "Save Folder",
      "type" : "filepicker",
      "variable" : "save_in"
    },
    {
      "config" : {
        "default" : false,
        "required" : false,
        "text" : "Replace file with same name at destination"
      },
      "description" : "",
      "label" : "Overwrite",
      "type" : "checkbox",
      "variable" : "overwrite"
    },
    {
      "config" : {
        "default" : "png",
        "pairs" : [
          [
            "PNG",
            "png"
          ],
          [
            "JPEG",
            "jpeg"
          ],
          [
            "GIF",
            "gif"
          ],
          [
            "TIFF",
            "tiff"
          ],
          [
            "BMP",
            "bmp"
          ],
          [
            "HEIC",
            "heic"
          ],
          [
            "JPEG 2000",
            "jp2"
          ],
          [
            "PSD",
            "psd"
          ],
          [
            "PDF",
            "pdf"
          ],
          [
            "QTIF",
            "qtif"
          ],
          [
            "SGI",
            "sgi"
          ],
          [
            "TGA",
            "tga"
          ],
          [
            "EXR",
            "exr"
          ],
          [
            "ASTC",
            "astc"
          ],
          [
            "KTX",
            "ktx"
          ],
          [
            "PBM",
            "pbm"
          ]
        ]
      },
      "description" : "",
      "label" : "Output Format",
      "type" : "popupbutton",
      "variable" : "out_format"
    }
  ],
  "inputMulti" : 2,
  "inputOverride" : "target_path",
  "inputType" : 1,
  "outputDescription" : "File path array of converted images",
  "outputType" : 1,
  "script" : "function alfred_args {\n  \/usr\/bin\/osascript -l JavaScript -e 'function run(argv) { return JSON.stringify({ alfredworkflow: { arg: argv } }) }' \"${@}\"\n}\n\n\/bin\/mkdir -p \"${save_in}\"\n\nfor image in \"${@}\"\ndo\n  image_name_noext=\"$(basename \"${image%.*}\")\"\n  image_output=\"${save_in}\/${image_name_noext}.${out_format}\"\n\n  if [[ \"${overwrite}\" -eq 0 && -f \"${image_output}\" ]]\n  then\n    echo \"File exists: ${image_output}\" >&2\n    exit 1\n  fi\ndone\n\nimages=()\n\nfor image in \"${@}\"\ndo\n  image_name_noext=\"$(basename \"${image%.*}\")\"\n  image_output=\"${save_in}\/${image_name_noext}.${out_format}\"\n\n  images+=(\"$(\/usr\/bin\/sips --setProperty 'format' \"${out_format}\" \"${image}\" --out \"${image_output}\" | \/usr\/bin\/tail -1 | \/usr\/bin\/sed 's\/^ *\/\/')\")\ndone\n\nalfred_args \"${images[@]}\"",
  "scriptType" : 5,
  "state" : 0,
  "taskDescription" : "Convert images to other formats",
  "taskName" : "Convert Image Format"
}