{
  "configurableConfig" : [
    {
      "config" : {
        "default" : "",
        "placeholder" : "The passed-in arguments will be used",
        "required" : false,
        "trim" : true
      },
      "description" : "",
      "label" : "URL",
      "type" : "textfield",
      "variable" : "url"
    },
    {
      "config" : {
        "default" : true,
        "required" : false,
        "text" : "Follow redirects to final destination"
      },
      "description" : "",
      "label" : "Redirects",
      "type" : "checkbox",
      "variable" : "follow_redirects"
    }
  ],
  "inputMulti" : 2,
  "inputOverride" : "url",
  "inputType" : 2,
  "outputDescription" : "Integer",
  "outputType" : 1,
  "script" : "function alfred_args {\n  \/usr\/bin\/osascript -l JavaScript -e 'function run(argv) { return JSON.stringify({ alfredworkflow: { arg: argv } }) }' \"${@}\"\n}\n\nif [[ \"${follow_redirects}\" -eq 1 ]]\nthen\n  readonly location=(--location)\nelse\n  readonly location=(--no-location)\nfi\n\nurls=()\n\nfor url in \"${@}\"\ndo\n  urls+=(\"$(\/usr\/bin\/curl \"${location}\" --silent --head --output \/dev\/null --write-out '%{response_code}' \"${url}\")\")\ndone\n\nalfred_args \"${urls[@]}\"",
  "scriptType" : 5,
  "state" : 0,
  "taskDescription" : "Get the numeric status code of HTTP requests",
  "taskName" : "URL Response Code"
}