{
  "configurableConfig" : [
    {
      "config" : {
        "default" : false,
        "required" : false,
        "text" : "Force screen capture to go to the clipboard"
      },
      "description" : "",
      "label" : "Save to Clipboard",
      "type" : "checkbox",
      "variable" : "to_clipboard"
    },
    {
      "config" : {
        "default" : false,
        "required" : false,
        "text" : "Start interaction in window selection mode"
      },
      "description" : "",
      "label" : "Window Mode",
      "type" : "checkbox",
      "variable" : "window_mode"
    },
    {
      "config" : {
        "default" : false,
        "required" : false,
        "text" : "In window capture mode, do not capture the shadow of the window"
      },
      "description" : "",
      "label" : "Ignore Window Shadow",
      "type" : "checkbox",
      "variable" : "no_window_shadow"
    },
    {
      "config" : {
        "default" : false,
        "required" : false,
        "text" : "In window capture mode, capture the screen instead of the window"
      },
      "description" : "",
      "label" : "Force Capture Screen",
      "type" : "checkbox",
      "variable" : "screen_area"
    }
  ],
  "inputMulti" : 0,
  "inputType" : 0,
  "outputDescription" : "File path to screenshot",
  "outputType" : 1,
  "script" : "function screenshot_name {\n  local -r date_name=\"Screenshot $(date '+%F') at $(date '+%H.%M.%S')\"\n\n  if [[ ! -e \"${date_name}.png\" ]]\n  then\n    printf '%s.png' \"${date_name}\"\n    return\n  fi\n\n  local count=1\n\n  while [[ -e \"${date_name} ${count}.png\" ]]\n  do\n    count=\"$(bc <<< \"${count} + 1\")\"\n  done\n\n  printf '%s %s.png' \"${date_name}\" \"${count}\"\n}\n\nopts=()\nreadonly screenshot=\"${HOME}\/Desktop\/$(screenshot_name)\"\n\n[[ \"${to_clipboard}\" -eq 1 ]] && opts+=(-c)\n[[ \"${window_mode}\" -eq 1 ]] && opts+=(-W)\n[[ \"${no_window_shadow}\" -eq 1 ]] && opts+=(-o)\n[[ \"${screen_area}\" -eq 1 ]] && opts+=(-S)\n\n\/usr\/sbin\/screencapture -i \"${opts[@]}\" \"${screenshot}\"\n\nprintf '%s' \"${screenshot}\"",
  "scriptType" : 5,
  "state" : 0,
  "taskDescription" : "Interactively save image of custom screen area",
  "taskName" : "Interactive Screenshot"
}