{
  "configurableConfig" : [
    {
      "config" : {
        "default" : "",
        "filtermode" : 0,
        "placeholder" : "The passed-in arguments will be used",
        "required" : false
      },
      "description" : "",
      "label" : "Path",
      "type" : "filepicker",
      "variable" : "target_path"
    }
  ],
  "inputMulti" : 1,
  "inputOverride" : "target_path",
  "inputType" : 1,
  "outputDescription" : "Formatted time",
  "outputType" : 1,
  "script" : "\/usr\/bin\/stat -f '%m' \"${1}\"",
  "scriptType" : 5,
  "state" : 0,
  "taskDescription" : "Get when paths were last modified, in Epoch time",
  "taskName" : "Path Modification Time"
}