{
  "configurableConfig" : [
    {
      "config" : {
        "default" : "",
        "filtermode" : 2,
        "placeholder" : "The passed-in arguments will be used",
        "required" : false
      },
      "description" : "",
      "label" : "Image",
      "type" : "filepicker",
      "variable" : "target_path"
    },
    {
      "config" : {
        "default" : "",
        "placeholder" : "e.g. 640",
        "required" : true,
        "trim" : true
      },
      "description" : "",
      "label" : "Width",
      "type" : "textfield",
      "variable" : "width"
    },
    {
      "config" : {
        "default" : "",
        "placeholder" : "e.g. 480",
        "required" : true,
        "trim" : true
      },
      "description" : "Input numbers for the width and height.",
      "label" : "Height",
      "type" : "textfield",
      "variable" : "height"
    },
    {
      "config" : {
        "default" : false,
        "required" : false,
        "text" : "Allow resulting image dimensions to be larger than the original"
      },
      "description" : "Padding is applied with invisible pixels.",
      "label" : "Pad sides",
      "type" : "checkbox",
      "variable" : "enlarge"
    }
  ],
  "inputMulti" : 2,
  "inputOverride" : "target_path",
  "inputType" : 1,
  "outputType" : 2,
  "script" : "for image in \"${@}\"\ndo\n  old_width=\"$(..\/.common\/get-image-property 'pixelWidth' \"${image}\")\"\n  old_height=\"$(..\/.common\/get-image-property 'pixelHeight' \"${image}\")\"\n\n  if [[ \"${enlarge}\" -eq 0 ]] && [[ \"${width}\" -gt \"${old_width}\" || \"${height}\" -gt \"${old_height}\" ]]\n  then\n    echo \"Input values would result in padding, and the option is turned off: ${image}\" >&2\n    exit 0\n  fi\ndone\n\nfor image in \"${@}\"\ndo\n  \/usr\/bin\/sips --cropToHeightWidth \"${height}\" \"${width}\" \"${image}\"\ndone",
  "scriptType" : 5,
  "state" : 0,
  "taskDescription" : "Crop images from centre origin",
  "taskName" : "Crop Image from Centre"
}