{
  "configurableConfig" : [
    {
      "config" : {
        "default" : "",
        "placeholder" : "e.g. alfredapp.com",
        "required" : true,
        "trim" : true
      },
      "description" : "",
      "label" : "Match For",
      "type" : "textfield",
      "variable" : "match_string"
    },
    {
      "config" : {
        "default" : true,
        "required" : false,
        "text" : "Include all windows behind the frontmost"
      },
      "description" : "",
      "label" : "Scope",
      "type" : "checkbox",
      "variable" : "all_windows"
    },
    {
      "config" : {
        "default" : false,
        "required" : false,
        "text" : "Allow empty result when no windows are open"
      },
      "description" : "",
      "label" : "",
      "type" : "checkbox",
      "variable" : "allow_empty"
    },
    {
      "config" : {
        "default" : false,
        "required" : false,
        "text" : "Treat text to match for as a regular expression"
      },
      "description" : "",
      "label" : "",
      "type" : "checkbox",
      "variable" : "regex"
    },
    {
      "config" : {
        "default" : "first",
        "pairs" : [
          [
            "First Match",
            "first"
          ],
          [
            "Last Match",
            "last"
          ]
        ]
      },
      "description" : "",
      "label" : "Switch To",
      "type" : "popupbutton",
      "variable" : "first_last"
    }
  ],
  "inputMulti" : 0,
  "inputType" : 0,
  "outputDescription" : "URL",
  "outputType" : 1,
  "script" : "..\/.common\/tabs-matching-activate 'Safari' \"${all_windows}\" \"${allow_empty}\" \"${match_string}\" \"${first_last}\" \"${regex}\"",
  "scriptType" : 5,
  "state" : 0,
  "taskDescription" : "Switch to Safari tab with specified text in URL",
  "taskName" : "Switch to Safari Tab Matching URL"
}