{
  "configurableConfig" : [
    {
      "config" : {
        "default" : "",
        "filtermode" : 2,
        "placeholder" : "The passed-in arguments will be used",
        "required" : false
      },
      "description" : "",
      "label" : "PDF",
      "type" : "filepicker",
      "variable" : "target_path"
    },
    {
      "config" : {
        "default" : "",
        "filtermode" : 1,
        "placeholder" : "",
        "required" : true
      },
      "description" : "Files will be named sequentially for each page.",
      "label" : "Save Folder",
      "type" : "filepicker",
      "variable" : "save_in"
    },
    {
      "config" : {
        "default" : "jpeg",
        "pairs" : [
          [
            "JPEG",
            "jpeg"
          ],
          [
            "PNG",
            "png"
          ],
          [
            "GIF",
            "gif"
          ],
          [
            "TIFF",
            "tiff"
          ],
          [
            "BMP",
            "bmp"
          ],
          [
            "JPEG 2000",
            "jp2"
          ]
        ]
      },
      "description" : "",
      "label" : "Output Format",
      "type" : "popupbutton",
      "variable" : "out_format"
    },
    {
      "config" : {
        "default" : "72",
        "pairs" : [
          [
            "72",
            "72"
          ],
          [
            "144",
            "144"
          ],
          [
            "300",
            "300"
          ]
        ]
      },
      "description" : "Pixels\/inch.",
      "label" : "Resolution",
      "type" : "popupbutton",
      "variable" : "resolution"
    }
  ],
  "inputMulti" : 1,
  "inputOverride" : "target_path",
  "inputType" : 1,
  "outputDescription" : "File path array of saved images",
  "outputType" : 1,
  "script" : "..\/.common\/pdf-split-images \"${1}\" \"${save_in}\" \"${out_format}\" \"${resolution}\"",
  "scriptType" : 5,
  "state" : 0,
  "taskDescription" : "Save PDF pages to individual images",
  "taskName" : "Extract PDF Pages as Images"
}