{
  "configurableConfig" : [
    {
      "config" : {
        "default" : "",
        "filtermode" : 0,
        "placeholder" : "The passed-in arguments will be used",
        "required" : false
      },
      "description" : "",
      "label" : "Path",
      "type" : "filepicker",
      "variable" : "target_path"
    }
  ],
  "inputMulti" : 2,
  "inputOverride" : "target_path",
  "inputType" : 1,
  "outputDescription" : "Text",
  "outputType" : 1,
  "script" : "..\/.common\/finder-comment read '' \"${@}\"",
  "scriptType" : 5,
  "state" : 0,
  "taskDescription" : "Get Finder comment of paths",
  "taskName" : "Finder Comment"
}