{
  "inputMulti" : 2,
  "inputType" : 1,
  "outputDescription" : "File path array",
  "outputType" : 1,
  "script" : "function alfred_args {\n  \/usr\/bin\/osascript -l JavaScript -e 'function run(argv) { return JSON.stringify({ alfredworkflow: { arg: argv } }) }' \"${@}\"\n}\n\nfiles=()\n\nfor input in \"${@}\"\ndo\n  [[ -f \"${input}\" ]] && files+=(\"${input}\")\ndone\n\nalfred_args \"${files[@]}\"",
  "scriptType" : 5,
  "state" : 0,
  "taskDescription" : "Exclude folders from path list",
  "taskName" : "Filter Paths for Files"
}