{
  "configurableConfig" : [
    {
      "config" : {
        "default" : "",
        "placeholder" : "e.g. alfredapp.com",
        "required" : true,
        "trim" : true
      },
      "description" : "",
      "label" : "Match For",
      "type" : "textfield",
      "variable" : "match_string"
    },
    {
      "config" : {
        "default" : true,
        "required" : false,
        "text" : "Include all windows behind the frontmost"
      },
      "description" : "",
      "label" : "Scope",
      "type" : "checkbox",
      "variable" : "all_windows"
    },
    {
      "config" : {
        "default" : false,
        "required" : false,
        "text" : "Allow empty result when no windows are open"
      },
      "description" : "",
      "label" : "",
      "type" : "checkbox",
      "variable" : "allow_empty"
    },
    {
      "config" : {
        "default" : false,
        "required" : false,
        "text" : "Treat text to match for as a regular expression"
      },
      "description" : "",
      "label" : "",
      "type" : "checkbox",
      "variable" : "regex"
    },
    {
      "config" : {
        "default" : "url",
        "pairs" : [
          [
            "URL",
            "url"
          ],
          [
            "Title",
            "title"
          ],
          [
            "URL⇥Title",
            "url_tab_title"
          ],
          [
            "Title⇥URL",
            "title_tab_url"
          ]
        ]
      },
      "description" : "⇥ represents a tab.",
      "label" : "Output Format",
      "type" : "popupbutton",
      "variable" : "out_format"
    }
  ],
  "inputMulti" : 0,
  "inputType" : 0,
  "outputDescription" : "Text array or URL array",
  "outputType" : 1,
  "script" : "..\/.common\/tabs-matching 'Safari' \"${all_windows}\" \"${allow_empty}\" \"${out_format}\" \"${match_string}\" \"${regex}\"",
  "scriptType" : 5,
  "state" : 0,
  "taskDescription" : "Get Safari tabs with specified text in URL",
  "taskName" : "Safari Tabs Matching URL"
}