{
  "configurableConfig" : [
    {
      "config" : {
        "default" : "",
        "placeholder" : "",
        "required" : true,
        "trim" : false
      },
      "description" : "",
      "label" : "Prepend",
      "type" : "textfield",
      "variable" : "input_string"
    }
  ],
  "inputMulti" : 2,
  "inputType" : 0,
  "outputDescription" : "Argument array",
  "outputType" : 1,
  "script" : "function alfredArgs(args) {\n  return JSON.stringify({ alfredworkflow: { arg: args } })\n}\n\nfunction envVar(varName) {\n  return $.NSProcessInfo\n    .processInfo\n    .environment\n    .objectForKey(varName).js\n}\n\nfunction run(argv) {\n  return alfredArgs(argv.map(arg => envVar(\"input_string\") + arg))\n}",
  "scriptType" : 7,
  "state" : 0,
  "taskDescription" : "Prepend text to every argument",
  "taskName" : "Prepend to Arguments"
}