{
  "configurableConfig" : [
    {
      "config" : {
        "default" : "",
        "filtermode" : 1,
        "placeholder" : "The passed-in arguments will be used",
        "required" : false
      },
      "description" : "",
      "label" : "Folder",
      "type" : "filepicker",
      "variable" : "target_path"
    }
  ],
  "inputMulti" : 2,
  "inputOverride" : "target_path",
  "inputType" : 1,
  "outputDescription" : "File path",
  "outputType" : 1,
  "script" : "readonly json_args=\"$(..\/.common\/directory-children 'by_added' \"${@}\")\"\n\n\/usr\/bin\/osascript -l JavaScript -e 'function run(argv) {\n  return JSON.parse(argv[0])[\"alfredworkflow\"][\"arg\"][0]\n}' \"${json_args}\" | tr -d '\\n'",
  "scriptType" : 5,
  "state" : 0,
  "taskDescription" : "Get path most recently added to folder",
  "taskName" : "Most Recently Added Path"
}