{
  "configurableConfig" : [
    {
      "config" : {
        "default" : "",
        "filtermode" : 2,
        "placeholder" : "The passed-in arguments will be used",
        "required" : false
      },
      "description" : "",
      "label" : "Image",
      "type" : "filepicker",
      "variable" : "target_path"
    },
    {
      "config" : {
        "default" : "",
        "placeholder" : "e.g. 640",
        "required" : true,
        "trim" : true
      },
      "description" : "",
      "label" : "Width",
      "type" : "textfield",
      "variable" : "width"
    },
    {
      "config" : {
        "default" : "",
        "placeholder" : "e.g. 480",
        "required" : true,
        "trim" : true
      },
      "description" : "Input numbers for the width and height.",
      "label" : "Height",
      "type" : "textfield",
      "variable" : "height"
    },
    {
      "config" : {
        "default" : "0",
        "placeholder" : "e.g. 100",
        "required" : false,
        "trim" : true
      },
      "description" : "",
      "label" : "X Offset",
      "type" : "textfield",
      "variable" : "x"
    },
    {
      "config" : {
        "default" : "0",
        "placeholder" : "e.g. 100",
        "required" : false,
        "trim" : true
      },
      "description" : "Input numbers for the top left corner coordinates.",
      "label" : "Y Offset",
      "type" : "textfield",
      "variable" : "y"
    },
    {
      "config" : {
        "default" : false,
        "required" : false,
        "text" : "Allow resulting image dimensions to be larger than the original"
      },
      "description" : "Padding is applied with invisible pixels.",
      "label" : "Pad sides",
      "type" : "checkbox",
      "variable" : "enlarge"
    }
  ],
  "inputMulti" : 2,
  "inputOverride" : "target_path",
  "inputType" : 1,
  "outputType" : 2,
  "script" : "for image in \"${@}\"\ndo\n  old_width=\"$(..\/.common\/get-image-property 'pixelWidth' \"${image}\")\"\n  old_height=\"$(..\/.common\/get-image-property 'pixelHeight' \"${image}\")\"\n\n  max_x=\"$(\/usr\/bin\/bc <<< \"${x} + ${width}\")\"\n  max_y=\"$(\/usr\/bin\/bc <<< \"${y} + ${height}\")\"\n\n  if [[ \"${enlarge}\" -eq 0 ]] && [[ \"${max_x}\" -gt \"${old_width}\" || \"${max_y}\" -gt \"${old_height}\" ]]\n  then\n    echo \"Input values would result in padding, and the option is turned off: ${image}\" >&2\n    exit 0\n  fi\ndone\n\nfor image in \"${@}\"\ndo\n  # When cropping from 0x0, sips does it from the centre\n  # Using 0.0x0.0 works but adds a pixel accross the top and left\n  # So we have to crop that after\n  if [[ \"${x}\" -eq 0 && \"${y}\" -eq 0 ]]\n  then\n    pad_width=\"$(\/usr\/bin\/bc <<< \"${width} + 1\")\"\n    pad_height=\"$(\/usr\/bin\/bc <<< \"${height} + 1\")\"\n    \/usr\/bin\/sips --cropToHeightWidth \"${pad_height}\" \"${pad_width}\" --cropOffset '0.0' '0.0' \"${image}\"\n    \/usr\/bin\/sips --cropToHeightWidth \"${height}\" \"${width}\" --cropOffset '1' '1' \"${image}\"\n  else\n    \/usr\/bin\/sips --cropToHeightWidth \"${height}\" \"${width}\" --cropOffset \"${y}\" \"${x}\" \"${image}\"\n  fi\ndone",
  "scriptType" : 5,
  "state" : 0,
  "taskDescription" : "Crop images from top-left corner origin",
  "taskName" : "Crop Image from Corner"
}