{
  "configurableConfig" : [
    {
      "config" : {
        "default" : "~",
        "filtermode" : 0,
        "required" : false
      },
      "description" : "Defaults to the home folder.",
      "label" : "Path",
      "type" : "filepicker",
      "variable" : "target_path"
    }
  ],
  "inputMulti" : 0,
  "inputType" : 0,
  "outputDescription" : "File path",
  "outputType" : 1,
  "script" : "echo -n \"${target_path}\"",
  "scriptType" : 5,
  "state" : 0,
  "taskDescription" : "Pass through the configured file or folder",
  "taskName" : "Pick Path"
}