{
  "configurableConfig" : [
    {
      "config" : {
        "default" : "",
        "required" : false,
        "trim" : true,
        "verticalsize" : 6
      },
      "description" : "Newline-separated list of app names, paths, or bundle identifiers. Add apps to the list on-demand by passing them as arguments: take advantage of the \"Arg and Vars\" and \"Split Arg\" Utilities.",
      "label" : "Quit",
      "type" : "textarea",
      "variable" : "app_list"
    }
  ],
  "inputDescription" : "Optional app names, paths, or bundle identifiers",
  "inputMulti" : -1,
  "inputType" : 0,
  "outputType" : 0,
  "script" : "function envVar(varName) {\n  return $.NSProcessInfo\n    .processInfo\n    .environment\n    .objectForKey(varName).js\n}\n\nfunction run(argv) {\n  const fromVar = envVar(\"app_list\")\n    .split(\"\\n\")\n    .flatMap(line => line.split(\",\")) \/\/ Continue to support comma-separation\n    .map(app => app.trim())\n    .filter(app => app.length > 0)\n\n  const apps = argv.concat(fromVar)\n\n  apps.forEach(app => {\n    try { Application(app).quit() }\n    catch (ignore) { }\n  })\n}",
  "scriptType" : 7,
  "state" : 0,
  "taskDescription" : "Quit passed-in and configured apps",
  "taskName" : "Quit Apps"
}