{
  "configurableConfig" : [
    {
      "config" : {
        "default" : "1",
        "placeholder" : "",
        "required" : false,
        "trim" : true
      },
      "description" : "",
      "label" : "Trailing Lines",
      "type" : "textfield",
      "variable" : "lines_number"
    }
  ],
  "inputMulti" : 1,
  "inputType" : 0,
  "outputDescription" : "Text",
  "outputType" : 1,
  "script" : "# Use \"echo\" to prevent extra newline in \"tail\" STDIN\necho -n \"${1}\" | \/usr\/bin\/tail -\"${lines_number}\"",
  "scriptType" : 5,
  "state" : 0,
  "taskDescription" : "Get number of lines from end of text",
  "taskName" : "Trailing Lines"
}