{
  "configurableConfig" : [
    {
      "config" : {
        "default" : "",
        "placeholder" : "",
        "required" : true,
        "trim" : false
      },
      "description" : "",
      "label" : "Prepend",
      "type" : "textfield",
      "variable" : "input_string"
    }
  ],
  "inputMulti" : 1,
  "inputType" : 0,
  "outputDescription" : "Text",
  "outputType" : 1,
  "script" : "while IFS= read -r line\ndo\n  echo \"${input_string}${line}\"\ndone <<< \"${1}\"",
  "scriptType" : 5,
  "state" : 0,
  "taskDescription" : "Prepend text to every line",
  "taskName" : "Prepend to Lines"
}