{
  "configurableConfig" : [
    {
      "config" : {
        "default" : "",
        "filtermode" : 2,
        "placeholder" : "The passed-in arguments will be used",
        "required" : false
      },
      "description" : "",
      "label" : "Image",
      "type" : "filepicker",
      "variable" : "target_path"
    }
  ],
  "inputMulti" : 1,
  "inputOverride" : "target_path",
  "inputType" : 1,
  "outputType" : 0,
  "script" : "ObjC.import(\"AppKit\")\n\nfunction run(argv) {\n  const pboard = $.NSPasteboard.generalPasteboard\n  const image = $.NSImage.alloc.initWithContentsOfFile(argv[0])\n\n  pboard.clearContents\n  pboard.setDataForType(image.TIFFRepresentation, $.NSPasteboardTypeTIFF)\n}",
  "scriptType" : 7,
  "state" : 0,
  "taskDescription" : "Save images to clipboard as data",
  "taskName" : "Copy Image to Clipboard"
}