{
  "configurableConfig" : [
    {
      "config" : {
        "default" : "",
        "filtermode" : 1,
        "placeholder" : "The passed-in arguments will be used",
        "required" : false
      },
      "description" : "",
      "label" : "Folder",
      "type" : "filepicker",
      "variable" : "target_path"
    }
  ],
  "inputMulti" : 2,
  "inputOverride" : "target_path",
  "inputType" : 1,
  "outputType" : 0,
  "script" : "for input in \"${@}\"\ndo\n  repo_root=\"$(git -C \"${input}\" rev-parse --show-toplevel)\"\n  git -C \"${repo_root}\" reset HEAD --hard\n  git -C \"${repo_root}\" clean -d --force\ndone",
  "scriptType" : 5,
  "state" : 0,
  "taskDescription" : "Discard repository state and go back to previously saved state",
  "taskName" : "Clean Repository"
}