{
  "configurableConfig" : [
    {
      "config" : {
        "default" : false,
        "required" : false,
        "text" : "Allow empty result when no windows are open"
      },
      "description" : "",
      "label" : "Scope",
      "type" : "checkbox",
      "variable" : "allow_empty"
    },
    {
      "config" : {
        "default" : "",
        "required" : true,
        "trim" : true,
        "verticalsize" : 9
      },
      "description" : "",
      "label" : "JavaScript",
      "type" : "textarea",
      "variable" : "javascript_code"
    }
  ],
  "inputMulti" : 0,
  "inputType" : 0,
  "outputDescription" : "Text",
  "outputType" : 1,
  "script" : "..\/.common\/tabs-current-run-javascript 'Safari' \"${allow_empty}\" \"${javascript_code}\"",
  "scriptType" : 5,
  "state" : 0,
  "taskDescription" : "Execute JavaScript in Safari's current tab",
  "taskName" : "Run JavaScript in Safari Tab"
}