{
  "configurableConfig" : [
    {
      "config" : {
        "default" : "",
        "filtermode" : 1,
        "placeholder" : "The passed-in arguments will be used",
        "required" : false
      },
      "description" : "",
      "label" : "Folder",
      "type" : "filepicker",
      "variable" : "target_path"
    },
    {
      "config" : {
        "default" : "by_name",
        "pairs" : [
          [
            "Alphabetically",
            "by_name"
          ],
          [
            "By Most Recently Added",
            "by_added"
          ]
        ]
      },
      "description" : "",
      "label" : "Sort",
      "type" : "popupbutton",
      "variable" : "sort_order"
    },
    {
      "config" : {
        "default" : false,
        "required" : false,
        "text" : "Act on directory contents"
      },
      "description" : "",
      "label" : "Recursive",
      "type" : "checkbox",
      "variable" : "recursive"
    }
  ],
  "inputMulti" : 2,
  "inputOverride" : "target_path",
  "inputType" : 1,
  "outputDescription" : "File path array",
  "outputType" : 1,
  "script" : "..\/.common\/directory-children \"${sort_order}\" \"${recursive}\" \"${@}\"",
  "scriptType" : 5,
  "state" : 0,
  "taskDescription" : "Get contents of folders",
  "taskName" : "Folder Contents"
}