{
  "configurableConfig" : [
    {
      "config" : {
        "default" : "",
        "filtermode" : 2,
        "placeholder" : "The passed-in arguments will be used",
        "required" : false
      },
      "description" : "",
      "label" : "File",
      "type" : "filepicker",
      "variable" : "target_path"
    },
    {
      "config" : {
        "default" : "~\/Desktop",
        "filtermode" : 1,
        "placeholder" : "",
        "required" : false
      },
      "description" : "File name will be derived from current date and time.",
      "label" : "Save Folder",
      "type" : "filepicker",
      "variable" : "save_in"
    }
  ],
  "inputMulti" : 2,
  "inputOverride" : "target_path",
  "inputType" : 1,
  "outputDescription" : "File Path",
  "outputType" : 1,
  "script" : "export CG_PDF_VERBOSE=1\n..\/.common\/merge-files-pdf \"${save_in}\/$(date \"+%F-%H-%M-%S\").pdf\" \"${@}\"",
  "scriptType" : 5,
  "state" : 0,
  "taskDescription" : "Combine Images and PDFs into a single PDF",
  "taskName" : "Merge to PDF"
}