{
  "configurableConfig" : [
    {
      "config" : {
        "default" : "",
        "filtermode" : 1,
        "placeholder" : "The passed-in arguments will be used",
        "required" : false
      },
      "description" : "",
      "label" : "Folder",
      "type" : "filepicker",
      "variable" : "target_path"
    }
  ],
  "inputMulti" : 2,
  "inputOverride" : "target_path",
  "inputType" : 1,
  "outputDescription" : "File path array",
  "outputType" : 1,
  "script" : "# Validations\nfor input in \"${@}\"\ndo\n  # If git repo, skip to next loop iteration\n  git -C \"${input}\" rev-parse --is-inside-work-tree &> \/dev\/null && continue\n\n  # If we reach here, at least one directory is not a git repo\n  echo \"Not a git repository: ${input}\" >&2\n  exit 1\ndone\n\n# Main\nfunction alfred_args {\n  \/usr\/bin\/osascript -l JavaScript -e 'function run(argv) { return JSON.stringify({ alfredworkflow: { arg: argv } }) }' \"${@}\"\n}\n\nrepos=()\n\nfor input in \"${@}\"\ndo\n  repo_root=\"$(git -C \"${input}\" rev-parse --show-toplevel)\"\n  repos+=(\"${repo_root}\")\ndone\n\nalfred_args \"${repos[@]}\"",
  "scriptType" : 5,
  "state" : 0,
  "taskDescription" : "Get path to repository root folder",
  "taskName" : "Repository Root"
}