{
  "inputMulti" : 2,
  "inputOverride" : "target_path",
  "inputType" : 1,
  "outputDescription" : "File path array",
  "outputType" : 1,
  "script" : "function alfred_args {\n  \/usr\/bin\/osascript -l JavaScript -e 'function run(argv) { return JSON.stringify({ alfredworkflow: { arg: argv } }) }' \"${@}\"\n}\n\nrepos=()\n\nfor input in \"${@}\"\ndo\n  repo_root=\"$(git -C \"${input}\" rev-parse --show-toplevel)\"\n  repos+=(\"${repo_root}\")\ndone\n\nalfred_args \"${repos[@]}\"",
  "scriptType" : 5,
  "state" : 0,
  "taskDescription" : "Get path to repository root folder",
  "taskName" : "Repository Root"
}