{
  "configurableConfig" : [
    {
      "config" : {
        "default" : "",
        "filtermode" : 2,
        "placeholder" : "The passed-in arguments will be used",
        "required" : false
      },
      "description" : "",
      "label" : "File",
      "type" : "filepicker",
      "variable" : "target_path"
    }
  ],
  "inputMulti" : 2,
  "inputOverride" : "target_path",
  "inputType" : 1,
  "outputDescription" : "Boolean (\"true\" or \"false\")",
  "outputType" : 1,
  "script" : "for input in \"${@}\"\ndo\n  # If file, skip to next loop iteration\n  [[ -f \"${input}\" ]] && continue\n\n  # If we reach here, at least one path is not a file\n  echo -n 'false'\n  exit 0\ndone\n\n# If we reach here, all paths are files\necho -n 'true'",
  "scriptType" : 5,
  "state" : 0,
  "taskDescription" : "Check if paths are files",
  "taskName" : "Is File?"
}