{
  "configurableConfig" : [
    {
      "config" : {
        "default" : "screen-brightness-up",
        "pairs" : [
          [
            "Screen Brightness Up",
            "screen-brightness-up"
          ],
          [
            "Screen Bightness Down",
            "screen-brightness-down"
          ]
        ]
      },
      "description" : "",
      "label" : "Key",
      "type" : "popupbutton",
      "variable" : "target_key"
    },
    {
      "config" : {
        "defaultvalue" : 1,
        "markercount" : 16,
        "maxvalue" : 16,
        "minvalue" : 1,
        "onlystoponmarkers" : true,
        "showmarkers" : true
      },
      "description" : "",
      "label" : "Presses",
      "type" : "slider",
      "variable" : "repeat_number"
    }
  ],
  "inputMulti" : 0,
  "inputType" : 0,
  "outputType" : 0,
  "script" : "..\/.common\/top-row-keys \"${target_key}\" \"${repeat_number}\"",
  "scriptType" : 5,
  "state" : 0,
  "taskDescription" : "Simulate pressing keyboard top-row screen brightness keys",
  "taskName" : "Press Screen Brightness Keys"
}