{
  "inputMulti" : 1,
  "inputType" : 0,
  "outputDescription" : "Text",
  "outputType" : 1,
  "script" : "\/\/ The shell may give undesirable results\n\/\/ depending on the presence or absense of a trailing newline\n\/\/ so let's be explicit and try to follow the original text\n\nfunction writeSTDOUT(string) {\n  const nsdata = $(string).dataUsingEncoding($.NSUTF8StringEncoding)\n  $.NSFileHandle.fileHandleWithStandardOutput.writeData(nsdata)\n}\n\nfunction run(argv) {\n  writeSTDOUT(\n    argv[0]\n    .split(\"\\n\")\n    .slice(1)\n    .join(\"\\n\")\n  )\n}",
  "scriptType" : 7,
  "state" : 0,
  "taskDescription" : "Get all lines from text but the first",
  "taskName" : "Strip First Line"
}