{
  "configurableConfig" : [
    {
      "config" : {
        "default" : "",
        "placeholder" : "The passed-in arguments will be used",
        "required" : false,
        "trim" : true
      },
      "description" : "",
      "label" : "URL",
      "type" : "textfield",
      "variable" : "url"
    },
    {
      "config" : {
        "default" : "is.gd",
        "pairs" : [
          [
            "is.gd",
            "is.gd"
          ],
          [
            "v.gd",
            "v.gd"
          ]
        ]
      },
      "description" : "",
      "label" : "Service",
      "type" : "popupbutton",
      "variable" : "service"
    }
  ],
  "inputMulti" : 2,
  "inputOverride" : "url",
  "inputType" : 2,
  "outputDescription" : "URL",
  "outputType" : 1,
  "script" : "function alfred_args {\n  \/usr\/bin\/osascript -l JavaScript -e 'function run(argv) { return JSON.stringify({ alfredworkflow: { arg: argv } }) }' \"${@}\"\n}\n\nfunction percent_encode {\n  \/usr\/bin\/osascript -l JavaScript -e \"function run(argv) { return encodeURIComponent(argv[0].normalize()).replace(\/[!'()*]\/g, (c) => '%' + c.charCodeAt(0).toString(16).toUpperCase()) }\" \"${1}\"\n}\n\nurls=()\n\nfor url in \"${@}\"\ndo\n  encoded=\"$(percent_encode \"${url}\")\"\n  urls+=(\"$(\/usr\/bin\/curl curl --silent \"https:\/\/${service}\/create.php?format=simple&url=${encoded}\")\")\ndone\n\nalfred_args \"${urls[@]}\"",
  "scriptType" : 5,
  "state" : 0,
  "taskDescription" : "Use is.gd to shorten URLs",
  "taskName" : "Shorten URL"
}