{
  "configurableConfig" : [
    {
      "config" : {
        "default" : "volume-up",
        "pairs" : [
          [
            "Volume Up",
            "volume-up"
          ],
          [
            "Volume Down",
            "volume-down"
          ],
          [
            "Mute Toggle",
            "volume-mute-toggle"
          ]
        ]
      },
      "description" : "",
      "label" : "Key",
      "type" : "popupbutton",
      "variable" : "target_key"
    },
    {
      "config" : {
        "default" : "1",
        "pairs" : [
          [
            "1",
            "1"
          ],
          [
            "2",
            "2"
          ],
          [
            "3",
            "3"
          ],
          [
            "4",
            "4"
          ],
          [
            "5",
            "5"
          ],
          [
            "6",
            "6"
          ],
          [
            "7",
            "7"
          ],
          [
            "8",
            "8"
          ],
          [
            "9",
            "9"
          ],
          [
            "10",
            "10"
          ],
          [
            "11",
            "11"
          ],
          [
            "12",
            "12"
          ],
          [
            "13",
            "13"
          ],
          [
            "14",
            "14"
          ],
          [
            "15",
            "15"
          ],
          [
            "16",
            "16"
          ]
        ]
      },
      "description" : "",
      "label" : "Presses",
      "type" : "popupbutton",
      "variable" : "repeat_number"
    }
  ],
  "inputMulti" : 0,
  "inputType" : 0,
  "outputType" : 0,
  "script" : "..\/.common\/top-row-keys \"${target_key}\" \"${repeat_number}\"",
  "scriptType" : 5,
  "state" : 0,
  "taskDescription" : "Simulate pressing keyboard top-row volume keys",
  "taskName" : "Press Volume Keys"
}