{
  "configurableConfig" : [
    {
      "config" : {
        "default" : true,
        "required" : false,
        "text" : "Include all windows behind the frontmost"
      },
      "description" : "",
      "label" : "Scope",
      "type" : "checkbox",
      "variable" : "all_windows"
    },
    {
      "config" : {
        "default" : false,
        "required" : false,
        "text" : "Allow empty result when no windows are open"
      },
      "description" : "",
      "label" : "",
      "type" : "checkbox",
      "variable" : "allow_empty"
    },
    {
      "config" : {
        "default" : "url",
        "pairs" : [
          [
            "URL",
            "url"
          ],
          [
            "Title",
            "title"
          ],
          [
            "URL⇥Title",
            "url_tab_title"
          ],
          [
            "Title⇥URL",
            "title_tab_url"
          ],
          [
            "JSON",
            "json"
          ]
        ]
      },
      "description" : "⇥ represents a tab.",
      "label" : "Output Format",
      "type" : "popupbutton",
      "variable" : "out_format"
    }
  ],
  "inputMulti" : 0,
  "inputType" : 0,
  "outputDescription" : "Text array or URL array",
  "outputType" : 1,
  "script" : "..\/..\/..\/..\/com.alfredapp.automation.core\/safari\/.common\/tabs 'frontmost_browser' \"${all_windows}\" \"${allow_empty}\" \"${out_format}\"",
  "scriptType" : 5,
  "state" : 0,
  "taskDescription" : "Get name and URL of tabs open in frontmost browser",
  "taskName" : "Front Browser Tab List"
}