{
  "configurableConfig" : [
    {
      "config" : {
        "default" : "",
        "placeholder" : "The passed-in arguments will be used",
        "required" : false,
        "trim" : true
      },
      "description" : "",
      "label" : "URL",
      "type" : "textfield",
      "variable" : "url"
    },
    {
      "config" : {
        "default" : false,
        "required" : false,
        "text" : "Allow empty result when no windows are open"
      },
      "description" : "",
      "label" : "Scope",
      "type" : "checkbox",
      "variable" : "allow_empty"
    }
  ],
  "inputMulti" : 1,
  "inputOverride" : "url",
  "inputType" : 2,
  "outputType" : 0,
  "script" : "..\/..\/..\/..\/com.alfredapp.automation.core\/safari\/.common\/tabs-current-url 'frontmost_browser' \"${allow_empty}\" \"${1}\"",
  "scriptType" : 5,
  "state" : 0,
  "taskDescription" : "Replace URL of frontmost browser's current tab",
  "taskName" : "Change Current Front Browser Tab URL"
}