{
  "configurableConfig" : [
    {
      "config" : {
        "default" : "",
        "placeholder" : "The passed-in arguments will be used",
        "required" : false,
        "trim" : true
      },
      "description" : "",
      "label" : "URL",
      "type" : "textfield",
      "variable" : "url"
    }
  ],
  "inputMulti" : 2,
  "inputOverride" : "url",
  "inputType" : 2,
  "outputDescription" : "URL",
  "outputType" : 1,
  "script" : "function alfred_args {\n  \/usr\/bin\/osascript -l JavaScript -e 'function run(argv) { return JSON.stringify({ alfredworkflow: { arg: argv } }) }' \"${@}\"\n}\n\nurls=()\n\nfor url in \"${@}\"\ndo\n  urls+=(\"$(\/usr\/bin\/curl --silent --head --location --output \/dev\/null --write-out '%{url_effective}' \"${url}\")\")\ndone\n\nalfred_args \"${urls[@]}\"",
  "scriptType" : 5,
  "state" : 0,
  "taskDescription" : "Get the final destination of URLs",
  "taskName" : "Expand Short URL"
}