{
  "configurableConfig" : [
    {
      "config" : {
        "default" : "",
        "filtermode" : 2,
        "placeholder" : "The passed-in arguments will be used",
        "required" : false
      },
      "description" : "",
      "label" : "File",
      "type" : "filepicker",
      "variable" : "target_path"
    }
  ],
  "inputMulti" : 1,
  "inputOverride" : "target_path",
  "inputType" : 1,
  "outputDescription" : "Text",
  "outputType" : 1,
  "script" : "..\/.common\/file-mime read '' \"${@}\"",
  "scriptType" : 5,
  "state" : 0,
  "taskDescription" : "Get MIME type of files",
  "taskName" : "File MIME Type"
}