{
  "configurableConfig" : [
    {
      "config" : {
        "default" : "",
        "placeholder" : "e.g. 100",
        "required" : false,
        "trim" : true
      },
      "description" : "",
      "label" : "X Origin",
      "type" : "textfield",
      "variable" : "x"
    },
    {
      "config" : {
        "default" : "",
        "placeholder" : "e.g. 100",
        "required" : false,
        "trim" : true
      },
      "description" : "Input numbers for the top left corner coordinates. These may be readjusted if a portion of the window ends up outside the screen.",
      "label" : "Y Origin",
      "type" : "textfield",
      "variable" : "y"
    }
  ],
  "inputMulti" : 0,
  "inputType" : 0,
  "outputType" : 0,
  "script" : "if [[ \"$(sw_vers -productVersion | cut -d. -f1)\" -lt 12 ]]\nthen\n  echo 'Setting window bounds requires macOS Monterey (12) or above.' >&2\n  exit 1\nfi\n\n..\/window-bounds.js 'current' 'custom' \"${x}\" \"${y}\" '' ''",
  "scriptType" : 5,
  "state" : 0,
  "taskDescription" : "Set custom position for topmost window",
  "taskName" : "Move Window"
}