{
  "configurableConfig" : [
    {
      "config" : {
        "default" : "",
        "filtermode" : 2,
        "placeholder" : "The passed-in arguments will be used",
        "required" : false
      },
      "description" : "",
      "label" : "Image",
      "type" : "filepicker",
      "variable" : "target_path"
    },
    {
      "config" : {
        "default" : "",
        "placeholder" : "e.g. 640",
        "required" : true,
        "trim" : true
      },
      "description" : "",
      "label" : "Width",
      "type" : "textfield",
      "variable" : "width"
    },
    {
      "config" : {
        "default" : false,
        "required" : false,
        "text" : "Allow resulting image dimensions to be larger than the original"
      },
      "description" : "Increasing image proportions may result in loss of detail.",
      "label" : "Scale Up",
      "type" : "checkbox",
      "variable" : "enlarge"
    }
  ],
  "inputMulti" : 2,
  "inputOverride" : "target_path",
  "inputType" : 1,
  "outputType" : 2,
  "script" : "for image in \"${@}\"\ndo\n  old_width=\"$(..\/.common\/get-image-property 'pixelWidth' \"${image}\")\"\n\n  if [[ \"${enlarge}\" -eq 0 && \"${width}\" -gt \"${old_width}\" ]]\n  then\n    echo \"Desired size would result in scaling up, and the option is turned off: ${image}\" >&2\n    exit 0\n  fi\ndone\n\nfor image in \"${@}\"\ndo\n  \/usr\/bin\/sips --resampleWidth \"${width}\" \"${image}\"\ndone",
  "scriptType" : 5,
  "state" : 0,
  "taskDescription" : "Alter image proportions from width, maitaining aspect ratio",
  "taskName" : "Resize Image by Width"
}