{
  "configurableConfig" : [
    {
      "config" : {
        "default" : "play-pause",
        "pairs" : [
          [
            "Play \/ Pause",
            "play-pause"
          ],
          [
            "Fast-Forward",
            "fast-forward"
          ],
          [
            "Rewind",
            "rewind"
          ]
        ]
      },
      "description" : "",
      "label" : "Key",
      "type" : "popupbutton",
      "variable" : "target_key"
    }
  ],
  "inputMulti" : 0,
  "inputType" : 0,
  "outputType" : 0,
  "script" : "..\/.common\/top-row-keys \"${target_key}\" 1",
  "scriptType" : 5,
  "state" : 0,
  "taskDescription" : "Simulate pressing keyboard top-row media keys",
  "taskName" : "Press Media Keys"
}