{
  "configurableConfig" : [
    {
      "config" : {
        "default" : "",
        "placeholder" : "The passed-in arguments will be used",
        "required" : false,
        "trim" : true
      },
      "description" : "",
      "label" : "Time",
      "type" : "textfield",
      "variable" : "target_time"
    },
    {
      "config" : {
        "default" : "%s",
        "pairs" : [
          [
            "Unix time",
            "%s"
          ],
          [
            "ISO 8601",
            "%FT%T%z"
          ],
          [
            "RFC 2822",
            "%a, %d %b %Y %T %z"
          ]
        ]
      },
      "description" : "",
      "label" : "Input Format",
      "type" : "popupbutton",
      "variable" : "in_format"
    },
    {
      "config" : {
        "default" : "%FT%T%z",
        "pairs" : [
          [
            "Unix time",
            "%s"
          ],
          [
            "ISO 8601",
            "%FT%T%z"
          ],
          [
            "RFC 2822",
            "%a, %d %b %Y %T %z"
          ]
        ]
      },
      "description" : "Format examples:\n• Unix time: 1267350060\n• ISO 8601: 2010-02-28T09:41:00+0000\n• RFC 2822: Sun, 28 Feb 2010 09:41:00 +0000",
      "label" : "Output Format",
      "type" : "popupbutton",
      "variable" : "out_format"
    }
  ],
  "inputDescription" : "Formatted time",
  "inputMulti" : 1,
  "inputOverride" : "target_time",
  "inputType" : 0,
  "outputDescription" : "Formatted time",
  "outputType" : 1,
  "script" : "\/bin\/date -jf \"${in_format}\" \"${1}\" \"+${out_format}\" | tr -d '\\n'",
  "scriptType" : 5,
  "state" : 0,
  "taskDescription" : "Convert time to a different format",
  "taskName" : "Convert Time Format"
}